year,stays,cancellations,cancellationRate
2015,13854,8142,0.3701582105837425
2016,36370,20337,0.3586329730015695
2017,24942,15745,0.38697864182662767
