year,cancellation_rate
2015,0.20310974235709456
2016,0.26439574437970326
2017,0.31910261264672474
