month,cancellation_rate
November,0.21101101101101102
January,0.2211804815682932
February,0.23204329288291242
October,0.23680415344678396
March,0.24357779848263011
September,0.24544095665171897
December,0.26856363282011303
May,0.29228007181328547
June,0.3031551835157759
April,0.30462822458270106
July,0.3179874714129462
August,0.3218441858399218
